[
    {
        "id": 1388534400001,
        "contributor": "Donald Duck",
        "amount": 12.34,
        "comment": "Duck school is awesome!"
    },
    {
        "id": 1420070400001,
        "contributor": "Michael J.",
        "amount": 89.25,
        "comment": "My school taught me things :)"
    },
    {
        "id": 1447648445501,
        "contributor": "Krissy",
        "amount": 52.65,
        "comment": "I'm smart because I went here!"
    },
    {
        "id": 1388534400000,
        "contributor": "Donald Duck",
        "amount": 12.34,
        "comment": "Duck school is awesome!"
    },
    {
        "id": 1420070400000,
        "contributor": "Michael J.",
        "amount": 89.25,
        "comment": "My school taught me things :)"
    },
    {
        "id": 1447648445503,
        "contributor": "Krissy",
        "amount": 52.65,
        "comment": "I'm smart because I went here!"
    },
    {
        "id": 1388534400000,
        "contributor": "Donald Duck",
        "amount": 12.34,
        "comment": "Duck school is awesome!"
    },
    {
        "id": 1420070400000,
        "contributor": "Michael J.",
        "amount": 89.25,
        "comment": "My school taught me things :)"
    },
    {
        "id": 1447648445503,
        "contributor": "Krissy",
        "amount": 52.65,
        "comment": "I'm smart because I went here!"
    },
    {
        "id": 1388534400000,
        "contributor": "Donald Duck",
        "amount": 12.34,
        "comment": "Duck school is awesome!"
    },
    {
        "id": 1420070400000,
        "contributor": "Michael J.",
        "amount": 89.25,
        "comment": "My school taught me things :)"
    },
    {
        "id": 1447648445503,
        "contributor": "Krissy",
        "amount": 52.65,
        "comment": "I'm smart because I went here!"
    },
    {
        "id": 1388534400000,
        "contributor": "Donald Duck",
        "amount": 12.34,
        "comment": "Duck school is awesome!"
    },
    {
        "id": 1420070400000,
        "contributor": "Michael J.",
        "amount": 89.25,
        "comment": "My school taught me things :)"
    },
    {
        "id": 1447648445503,
        "contributor": "Krissy",
        "amount": 52.65,
        "comment": "I'm smart because I went here!"
    },
    {
        "id": 1612878040931,
        "contributor": "asd",
        "amount": "25",
        "comment": "asd"
    },
    {
        "id": 1612880603935,
        "contributor": "asd",
        "amount": "50",
        "comment": "asd"
    },
    {
        "id": 1613485346344,
        "contributor": "Mr Z",
        "amount": "25",
        "comment": "ZZZZZZZZZZZZZZZZZZZZ"
    },
    {
        "id": 1613486588894
    },
    {
        "id": 1613487932165
    }
]